<odoo>
    <data noupdate="1">
        <record id="seq_mobile_shop" model="ir.sequence">
            <field name="name">Mobile Shop Sequence</field>
            <field name="code">mobile.shop.sequence</field>
            <field name="prefix">Mob</field>
            <field name="padding">4</field>
            <field name="number_next">1</field>
        </record>
    </data>

    <data noupdate="0">
        <record id="seq_empty_shop" model="ir.sequence">
            <field name="name">Mobile Sequence</field>
            <field name="code">mobile.shop.empty</field>
            <field name="prefix">DDD</field>
            <field name="padding">4</field>
            <field name="number_next">1</field>
        </record>
    </data>
</odoo>