id,name,model_id:id,group_id:id,perm_read,perm_write,perm_create,perm_unlink
access_mobile_shop_service_line,access_mobile_shop_service_line,model_mobile_shop_service_line,base.group_user,1,1,1,1
access_mobile_shop,access_mobile_shop,model_mobile_shop,base.group_user,1,1,1,1
access_mobile_company,access_mobile_company,model_brand_name,base.group_user,1,1,1,1
access_damaged_spare_parts,access_damaged_spare_parts,model_damaged_spare_part,base.group_user,1,1,1,1
access_mobile_shop_sales_user,access_sales_user,model_mobile_shop,group_sales_user,1,1,1,1
access_mobile_shop_sales_manager,access_sales_manager,model_mobile_shop,group_sales_manager,1,1,1,1
access_mobile_shop_reject_wizard,mobile.shop.reject.wizard,model_mobile_shop_reject_wizard,base.group_user,1,1,1,1