<?xml version="1.0" encoding="utf-8"?>

<odoo>
    <data noupdate="1">

        <!-- Category -->
        <record model="ir.module.category" id="module_category_mobile_shop">
            <field name="name">MobileShop Management</field>
            <field name="description">Category For Mobile Shop Management</field>
        </record>
        
        <!-- Sales User Group -->
        <record id="group_sales_user" model="res.groups">
            <field name="name">Sales User</field>
            <field name="category_id" ref="module_category_mobile_shop"/>
        </record>

        <!-- Sales Manager Group -->
        <record id="group_sales_manager" model="res.groups">
            <field name="name">Sales Manager</field>
            <field name="category_id" ref="module_category_mobile_shop"/>
            <field name="implied_ids" eval="[(4, ref('group_sales_user'))]"/>
        </record>

        <!-- Model Access for Mobile Shop -->
        <record id="access_mobile_shop_sales_user" model="ir.model.access">
            <field name="name">mobile.shop user access</field>
            <field name="model_id" ref="model_mobile_shop"/>
            <field name="group_id" ref="mobile__shop.group_sales_user"/>
            <field name="perm_read" eval="1"/>
            <field name="perm_write" eval="0"/>
            <field name="perm_create" eval="1"/>
            <field name="perm_unlink" eval="0"/>
        </record>

        <record id="access_mobile_shop_sales_manager" model="ir.model.access">
            <field name="name">mobile.shop manager access</field>
            <field name="model_id" ref="model_mobile_shop"/>
            <field name="group_id" ref="mobile__shop.group_sales_manager"/>
            <field name="perm_read" eval="1"/>
            <field name="perm_write" eval="1"/>
            <field name="perm_create" eval="1"/>
            <field name="perm_unlink" eval="1"/>
        </record>

    </data>
</odoo>
